{"cameraMode":{"drawMode":0,"name":"Shaded","section":"Shading Mode"},"sceneLighting":false,"audioPlay":false,"sceneViewState":{"showFog":true,"showMaterialUpdate":false,"showSkybox":false,"showFlares":true,"showImageEffects":true,"showParticleSystems":true},"in2DMode":false,"pivot":{"x":0.10157552361488342,"y":-0.1309206485748291,"z":-0.11485457420349121},"rotation":{"x":-0.3218468427658081,"y":-0.10306403040885925,"z":0.035302259027957919,"w":-0.9405072927474976},"size":1.5010813474655152,"orthographic":false}