{"cameraMode":{"drawMode":0,"name":"Shaded","section":"Shading Mode"},"sceneLighting":false,"audioPlay":false,"sceneViewState":{"showFog":true,"showMaterialUpdate":false,"showSkybox":false,"showFlares":true,"showImageEffects":true,"showParticleSystems":true},"in2DMode":false,"pivot":{"x":0.07198452949523926,"y":-0.15069007873535157,"z":-0.864021897315979},"rotation":{"x":-0.4181714653968811,"y":-0.47991108894348147,"z":0.27914026379585268,"w":-0.7189596891403198},"size":2.1000173091888429,"orthographic":false}